Name,Email,Timestamp
PTtest,ptest@example.com,2025-10-20T10:03:48.875Z
asdasd,manishcse1@gmail.com,2025-10-18T07:59:39.193Z
Rana,ranamanish7878@gmail.com,2025-10-20T10:04:27.045Z
Rana,ranamanish78781@gmail.com,2025-10-20T10:07:45.094Z
Rana,aranamanish78781@gmail.com,2025-10-20T18:27:56.464Z
Rana,branamanish78781@gmail.com,2025-10-20T18:28:03.327Z
Rana,cranamanish78781@gmail.com,2025-10-20T18:28:11.576Z
rana2,rana2@gmail.com,2025-10-20T18:28:39.399Z
a,branamanish7878@gmail.com,2025-10-21T16:53:03.933Z
b,cranamanish7878@gmail.com,2025-10-21T16:53:15.378Z
Rana,pranamanish7878@gmail.com,2025-10-21T18:05:08.836Z
